{"cameraMode":{"drawMode":0,"name":"Shaded","section":"Shading Mode"},"sceneLighting":true,"audioPlay":false,"sceneViewState":{"showFog":false,"showMaterialUpdate":false,"showSkybox":false,"showFlares":false,"showImageEffects":false,"showParticleSystems":false},"in2DMode":false,"pivot":{"x":-0.00019252300262451172,"y":0.5313980579376221,"z":-0.01535642147064209},"rotation":{"x":-0.15080487728118897,"y":-0.8218218684196472,"z":0.2544887661933899,"w":-0.48693135380744936},"size":8.419185638427735,"orthographic":false}