{"cameraMode":{"drawMode":0,"name":"Shaded","section":"Shading Mode"},"sceneLighting":true,"audioPlay":false,"sceneViewState":{"showFog":false,"showMaterialUpdate":false,"showSkybox":false,"showFlares":false,"showImageEffects":false,"showParticleSystems":false},"in2DMode":false,"pivot":{"x":0.9697696566581726,"y":1.0163716077804566,"z":-0.015625},"rotation":{"x":-0.10837006568908692,"y":-0.5991625785827637,"z":0.08229710161685944,"w":-0.788978636264801},"size":16.260770797729493,"orthographic":false}